abs_subject_url,link,title
https://www.classcentral.com/subject/ai,/subject/ai,Artificial Intelligence
https://www.classcentral.com/subject/algorithms-and-data-structures,/subject/algorithms-and-data-structures,Algorithms and Data Structures
https://www.classcentral.com/subject/internet-of-things,/subject/internet-of-things,Internet of Things
https://www.classcentral.com/subject/information-technology,/subject/information-technology,Information Technology
https://www.classcentral.com/subject/computer-networking,/subject/computer-networking,Computer Networking
https://www.classcentral.com/subject/machine-learning,/subject/machine-learning,Machine Learning
https://www.classcentral.com/subject/devops,/subject/devops,DevOps
https://www.classcentral.com/subject/deep-learning,/subject/deep-learning,Deep Learning
https://www.classcentral.com/subject/cryptography,/subject/cryptography,Cryptography
https://www.classcentral.com/subject/quantum-computing,/subject/quantum-computing,Quantum Computing
https://www.classcentral.com/subject/hci,/subject/hci,Human-Computer Interaction (HCI)
https://www.classcentral.com/subject/distributed-systems,/subject/distributed-systems,Distributed Systems
https://www.classcentral.com/subject/blockchain,/subject/blockchain,Blockchain Development
https://www.classcentral.com/subject/operating-systems,/subject/operating-systems,Operating Systems
https://www.classcentral.com/subject/computer-graphics,/subject/computer-graphics,Computer Graphics
https://www.classcentral.com/subject/automata,/subject/automata,Automata Theory
https://www.classcentral.com/subject/compilers,/subject/compilers,Compilers
https://www.classcentral.com/subject/scada,/subject/scada,SCADA
https://www.classcentral.com/subject/mainframe,/subject/mainframe,Mainframe
https://www.classcentral.com/subject/digital-image-processing,/subject/digital-image-processing,Digital Image Processing
https://www.classcentral.com/subject/cs,/subject/cs,View all Computer Science
https://www.classcentral.com/subject/nutrition-and-wellness,/subject/nutrition-and-wellness,Nutrition & Wellness
https://www.classcentral.com/subject/disease-and-disorders,/subject/disease-and-disorders,Disease & Disorders
https://www.classcentral.com/subject/public-health,/subject/public-health,Public Health
https://www.classcentral.com/subject/health-care,/subject/health-care,Health Care
https://www.classcentral.com/subject/nursing,/subject/nursing,Nursing
https://www.classcentral.com/subject/anatomy,/subject/anatomy,Anatomy
https://www.classcentral.com/subject/veterinary-science,/subject/veterinary-science,Veterinary Science
https://www.classcentral.com/subject/cme,/subject/cme,Continuing Medical Education (CME)
https://www.classcentral.com/subject/blood-pressure,/subject/blood-pressure,Blood Pressure
https://www.classcentral.com/subject/wellbeing,/subject/wellbeing,Wellbeing
https://www.classcentral.com/subject/women-s-health,/subject/women-s-health,Women's Health
https://www.classcentral.com/subject/hygiene,/subject/hygiene,Hygiene
https://www.classcentral.com/subject/healthcare-innovation,/subject/healthcare-innovation,Healthcare Innovation
https://www.classcentral.com/subject/music-therapy,/subject/music-therapy,Music Therapy
https://www.classcentral.com/subject/holistic-health,/subject/holistic-health,Holistic Health
https://www.classcentral.com/subject/ayurveda,/subject/ayurveda,Ayurveda
https://www.classcentral.com/subject/herbalism,/subject/herbalism,Herbalism
https://www.classcentral.com/subject/massage-therapy,/subject/massage-therapy,Massage Therapy
https://www.classcentral.com/subject/health,/subject/health,View all Health & Medicine
https://www.classcentral.com/subject/statistics,/subject/statistics,Statistics & Probability
https://www.classcentral.com/subject/foundations-of-mathematics,/subject/foundations-of-mathematics,Foundations of Mathematics
https://www.classcentral.com/subject/calculus,/subject/calculus,Calculus
https://www.classcentral.com/subject/discrete-mathematics,/subject/discrete-mathematics,Discrete Mathematics
https://www.classcentral.com/subject/trigonometry,/subject/trigonometry,Trigonometry
https://www.classcentral.com/subject/geometry,/subject/geometry,Geometry
https://www.classcentral.com/subject/algebra,/subject/algebra,Algebra
https://www.classcentral.com/subject/precalculus,/subject/precalculus,Precalculus
https://www.classcentral.com/subject/number-theory,/subject/number-theory,Number Theory
https://www.classcentral.com/subject/combinatorics,/subject/combinatorics,Combinatorics
https://www.classcentral.com/subject/mathematical-logic,/subject/mathematical-logic,Mathematical logic
https://www.classcentral.com/subject/linear-programming,/subject/linear-programming,Linear Programming
https://www.classcentral.com/subject/graph-theory,/subject/graph-theory,Graph Theory
https://www.classcentral.com/subject/set-theory,/subject/set-theory,Set Theory
https://www.classcentral.com/subject/group-theory,/subject/group-theory,Group Theory
https://www.classcentral.com/subject/differential-equations,/subject/differential-equations,Differential Equations
https://www.classcentral.com/subject/polynomials,/subject/polynomials,Polynomials
https://www.classcentral.com/subject/integration,/subject/integration,Integration
https://www.classcentral.com/subject/mathematical-analysis,/subject/mathematical-analysis,Mathematical Analysis
https://www.classcentral.com/subject/mathematical-thinking,/subject/mathematical-thinking,Mathematical Thinking
https://www.classcentral.com/subject/maths,/subject/maths,View all Mathematics
https://www.classcentral.com/subject/management-and-leadership,/subject/management-and-leadership,Management & Leadership
https://www.classcentral.com/subject/finance,/subject/finance,Finance
https://www.classcentral.com/subject/entrepreneurship,/subject/entrepreneurship,Entrepreneurship
https://www.classcentral.com/subject/marketing,/subject/marketing,Marketing
https://www.classcentral.com/subject/strategic-management,/subject/strategic-management,Strategic Management
https://www.classcentral.com/subject/industry-specific,/subject/industry-specific,Industry Specific
https://www.classcentral.com/subject/business-intelligence,/subject/business-intelligence,Business Intelligence
https://www.classcentral.com/subject/accounting,/subject/accounting,Accounting
https://www.classcentral.com/subject/human-resources,/subject/human-resources,Human Resources
https://www.classcentral.com/subject/project-management,/subject/project-management,Project Management
https://www.classcentral.com/subject/sales,/subject/sales,Sales
https://www.classcentral.com/subject/design-thinking,/subject/design-thinking,Design Thinking
https://www.classcentral.com/subject/business-software,/subject/business-software,Business Software
https://www.classcentral.com/subject/customer-service,/subject/customer-service,Customer Service
https://www.classcentral.com/subject/nonprofit,/subject/nonprofit,Nonprofit Management
https://www.classcentral.com/subject/innovation,/subject/innovation,Innovation
https://www.classcentral.com/subject/operations-management,/subject/operations-management,Operations Management
https://www.classcentral.com/subject/corporate-governance,/subject/corporate-governance,Corporate Governance
https://www.classcentral.com/subject/business-plan,/subject/business-plan,Business Plan
https://www.classcentral.com/subject/business-proposal,/subject/business-proposal,Business Proposal
https://www.classcentral.com/subject/business,/subject/business,View all Business
https://www.classcentral.com/subject/history,/subject/history,History
https://www.classcentral.com/subject/literature,/subject/literature,Literature
https://www.classcentral.com/subject/language-learning,/subject/language-learning,Language Learning
https://www.classcentral.com/subject/grammar-writing,/subject/grammar-writing,Grammar & Writing
https://www.classcentral.com/subject/philosophy,/subject/philosophy,Philosophy
https://www.classcentral.com/subject/religion,/subject/religion,Religion
https://www.classcentral.com/subject/esl,/subject/esl,ESL
https://www.classcentral.com/subject/culture,/subject/culture,Culture
https://www.classcentral.com/subject/sports,/subject/sports,Sports
https://www.classcentral.com/subject/journalism,/subject/journalism,Journalism
https://www.classcentral.com/subject/ethics,/subject/ethics,Ethics
https://www.classcentral.com/subject/linguistics,/subject/linguistics,Linguistics
https://www.classcentral.com/subject/food,/subject/food,Food
https://www.classcentral.com/subject/library-science,/subject/library-science,Library Science
https://www.classcentral.com/subject/reading,/subject/reading,Reading
https://www.classcentral.com/subject/crisis-management,/subject/crisis-management,Crisis Management
https://www.classcentral.com/subject/games,/subject/games,Games
https://www.classcentral.com/subject/emergency-management,/subject/emergency-management,Emergency Management
https://www.classcentral.com/subject/performing-arts,/subject/performing-arts,Performing Arts
https://www.classcentral.com/subject/religious-studies,/subject/religious-studies,Religious Studies
https://www.classcentral.com/subject/humanities,/subject/humanities,View all Humanities
https://www.classcentral.com/subject/electrical-engineering,/subject/electrical-engineering,Electrical Engineering
https://www.classcentral.com/subject/mechanical-engineering,/subject/mechanical-engineering,Mechanical Engineering
https://www.classcentral.com/subject/civil-engineering,/subject/civil-engineering,Civil Engineering
https://www.classcentral.com/subject/robotics,/subject/robotics,Robotics
https://www.classcentral.com/subject/nanotechnology,/subject/nanotechnology,Nanotechnology
https://www.classcentral.com/subject/gis,/subject/gis,GIS
https://www.classcentral.com/subject/textiles,/subject/textiles,Textiles
https://www.classcentral.com/subject/manufacturing,/subject/manufacturing,Manufacturing
https://www.classcentral.com/subject/bim,/subject/bim,BIM
https://www.classcentral.com/subject/cad,/subject/cad,CAD
https://www.classcentral.com/subject/chemical-engineering,/subject/chemical-engineering,Chemical Engineering
https://www.classcentral.com/subject/energy-systems,/subject/energy-systems,Energy Systems
https://www.classcentral.com/subject/aerospace-engineering,/subject/aerospace-engineering,Aerospace Engineering
https://www.classcentral.com/subject/finite-element-analysis,/subject/finite-element-analysis,Finite Element Analysis
https://www.classcentral.com/subject/geotechnical-engineering,/subject/geotechnical-engineering,Geotechnical Engineering
https://www.classcentral.com/subject/reliability-engineering,/subject/reliability-engineering,Reliability Engineering
https://www.classcentral.com/subject/petroleum-engineering,/subject/petroleum-engineering,Petroleum Engineering
https://www.classcentral.com/subject/control-theory,/subject/control-theory,Control Theory
https://www.classcentral.com/subject/environmental-engineering,/subject/environmental-engineering,Environmental Engineering
https://www.classcentral.com/subject/energy-conversion,/subject/energy-conversion,Energy Conversion
https://www.classcentral.com/subject/engineering,/subject/engineering,View all Engineering
https://www.classcentral.com/subject/chemistry,/subject/chemistry,Chemistry
https://www.classcentral.com/subject/physics,/subject/physics,Physics
https://www.classcentral.com/subject/environmental-science,/subject/environmental-science,Environmental Science
https://www.classcentral.com/subject/astronomy,/subject/astronomy,Astronomy
https://www.classcentral.com/subject/biology,/subject/biology,Biology
https://www.classcentral.com/subject/agriculture,/subject/agriculture,Agriculture
https://www.classcentral.com/subject/materials-science,/subject/materials-science,Materials Science
https://www.classcentral.com/subject/earth-science,/subject/earth-science,Earth Science
https://www.classcentral.com/subject/applied-science,/subject/applied-science,Applied Science
https://www.classcentral.com/subject/forensic-science,/subject/forensic-science,Forensic Science
https://www.classcentral.com/subject/meteorology,/subject/meteorology,Meteorology
https://www.classcentral.com/subject/horology,/subject/horology,Horology
https://www.classcentral.com/subject/paleontology,/subject/paleontology,Paleontology
https://www.classcentral.com/subject/fire-science,/subject/fire-science,Fire Science
https://www.classcentral.com/subject/sensory-science,/subject/sensory-science,Sensory Science
https://www.classcentral.com/subject/ergonomics,/subject/ergonomics,Ergonomics
https://www.classcentral.com/subject/physical-sciences,/subject/physical-sciences,Physical Sciences
https://www.classcentral.com/subject/complex-systems,/subject/complex-systems,Complex Systems
https://www.classcentral.com/subject/scientific-method,/subject/scientific-method,Scientific Method
https://www.classcentral.com/subject/medicine,/subject/medicine,Medicine
https://www.classcentral.com/subject/science,/subject/science,View all Science
https://www.classcentral.com/subject/k12,/subject/k12,K12
https://www.classcentral.com/subject/higher-education,/subject/higher-education,Higher Education
https://www.classcentral.com/subject/stem,/subject/stem,STEM
https://www.classcentral.com/subject/teacher-development,/subject/teacher-development,Teacher Professional Development
https://www.classcentral.com/subject/course-development,/subject/course-development,Course Development
https://www.classcentral.com/subject/online-education,/subject/online-education,Online Education
https://www.classcentral.com/subject/pedagogy,/subject/pedagogy,Pedagogy
https://www.classcentral.com/subject/sel,/subject/sel,Social-emotional Learning (SEL)
https://www.classcentral.com/subject/instructional-design,/subject/instructional-design,Instructional Design
https://www.classcentral.com/subject/homeschooling,/subject/homeschooling,Homeschooling
https://www.classcentral.com/subject/special-education,/subject/special-education,Special Education
https://www.classcentral.com/subject/adult-education,/subject/adult-education,Adult Education
https://www.classcentral.com/subject/course-design,/subject/course-design,Course Design
https://www.classcentral.com/subject/online-learning,/subject/online-learning,Online Learning
https://www.classcentral.com/subject/educational-technology,/subject/educational-technology,Educational Technology
https://www.classcentral.com/subject/curriculum-development,/subject/curriculum-development,Curriculum Development
https://www.classcentral.com/subject/next-generation-science-standards,/subject/next-generation-science-standards,Next Generation Science Standards
https://www.classcentral.com/subject/student-centered-learning,/subject/student-centered-learning,Student-Centered Learning
https://www.classcentral.com/subject/student-engagement,/subject/student-engagement,Student Engagement
https://www.classcentral.com/subject/classroom-management,/subject/classroom-management,Classroom Management
https://www.classcentral.com/subject/education,/subject/education,View all Education & Teaching
https://www.classcentral.com/subject/sociology,/subject/sociology,Sociology
https://www.classcentral.com/subject/economics,/subject/economics,Economics
https://www.classcentral.com/subject/psychology,/subject/psychology,Psychology
https://www.classcentral.com/subject/anthropology,/subject/anthropology,Anthropology
https://www.classcentral.com/subject/political-science,/subject/political-science,Political Science
https://www.classcentral.com/subject/law,/subject/law,Law
https://www.classcentral.com/subject/urban-planning,/subject/urban-planning,Urban Planning
https://www.classcentral.com/subject/human-rights,/subject/human-rights,Human Rights
https://www.classcentral.com/subject/sustainability,/subject/sustainability,Sustainability
https://www.classcentral.com/subject/governance,/subject/governance,Governance
https://www.classcentral.com/subject/archaeology,/subject/archaeology,Archaeology
https://www.classcentral.com/subject/social-work,/subject/social-work,Social Work
https://www.classcentral.com/subject/childhood-development,/subject/childhood-development,Early Childhood Development
https://www.classcentral.com/subject/structural-equation-modeling,/subject/structural-equation-modeling,Structural Equation Modeling
https://www.classcentral.com/subject/cultural-studies,/subject/cultural-studies,Cultural Studies
https://www.classcentral.com/subject/research-methods,/subject/research-methods,Research Methods
https://www.classcentral.com/subject/community-engagement,/subject/community-engagement,Community Engagement
https://www.classcentral.com/subject/philanthropy,/subject/philanthropy,Philanthropy
https://www.classcentral.com/subject/behavioral-science,/subject/behavioral-science,Behavioral Science
https://www.classcentral.com/subject/media-studies,/subject/media-studies,Media Studies
https://www.classcentral.com/subject/social-sciences,/subject/social-sciences,View all Social Sciences
https://www.classcentral.com/subject/music,/subject/music,Music
https://www.classcentral.com/subject/digital-media,/subject/digital-media,Digital Media
https://www.classcentral.com/subject/visual-arts,/subject/visual-arts,Visual Arts
https://www.classcentral.com/subject/design-and-creativity,/subject/design-and-creativity,Design & Creativity
https://www.classcentral.com/subject/art-therapy,/subject/art-therapy,Art Therapy
https://www.classcentral.com/subject/art-composition,/subject/art-composition,Art Composition
https://www.classcentral.com/subject/character-design,/subject/character-design,Character Design
https://www.classcentral.com/subject/fashion-design,/subject/fashion-design,Fashion Design
https://www.classcentral.com/subject/inspiration,/subject/inspiration,Inspiration
https://www.classcentral.com/subject/golden-ratio,/subject/golden-ratio,Golden Ratio
https://www.classcentral.com/subject/pattern-design,/subject/pattern-design,Pattern Design
https://www.classcentral.com/subject/geometric-patterns,/subject/geometric-patterns,Geometric Patterns
https://www.classcentral.com/subject/copic-markers,/subject/copic-markers,Copic Markers
https://www.classcentral.com/subject/jewelry-design,/subject/jewelry-design,Jewelry Design
https://www.classcentral.com/subject/botanical-drawing,/subject/botanical-drawing,Botanical Drawing
https://www.classcentral.com/subject/animal-illustration,/subject/animal-illustration,Animal Illustration
https://www.classcentral.com/subject/anime-drawing,/subject/anime-drawing,Anime Drawing
https://www.classcentral.com/subject/observational-drawing,/subject/observational-drawing,Observational Drawing
https://www.classcentral.com/subject/clay-modeling,/subject/clay-modeling,Clay Modeling
https://www.classcentral.com/subject/art-and-design,/subject/art-and-design,View all Art & Design
https://www.classcentral.com/subject/bioinformatics,/subject/bioinformatics,Bioinformatics
https://www.classcentral.com/subject/big-data,/subject/big-data,Big Data
https://www.classcentral.com/subject/data-mining,/subject/data-mining,Data Mining
https://www.classcentral.com/subject/data-analysis,/subject/data-analysis,Data Analysis
https://www.classcentral.com/subject/data-visualization,/subject/data-visualization,Data Visualization
https://www.classcentral.com/subject/jupyter,/subject/jupyter,Jupyter Notebooks
https://www.classcentral.com/subject/process-mining,/subject/process-mining,Process Mining
https://www.classcentral.com/subject/stata,/subject/stata,Stata
https://www.classcentral.com/subject/text-mining,/subject/text-mining,Text Mining
https://www.classcentral.com/subject/social-network-analysis,/subject/social-network-analysis,Social Network Analysis
https://www.classcentral.com/subject/computational-analysis,/subject/computational-analysis,Computational Analysis
https://www.classcentral.com/subject/data-collection,/subject/data-collection,Data Collection
https://www.classcentral.com/subject/information-retrieval,/subject/information-retrieval,Information Retrieval
https://www.classcentral.com/subject/data-processing,/subject/data-processing,Data Processing
https://www.classcentral.com/subject/data-wrangling,/subject/data-wrangling,Data Wrangling
https://www.classcentral.com/subject/data-extraction,/subject/data-extraction,Data Extraction
https://www.classcentral.com/subject/data-manipulation,/subject/data-manipulation,Data Manipulation
https://www.classcentral.com/subject/monte-carlo-simulation,/subject/monte-carlo-simulation,Monte Carlo Simulation
https://www.classcentral.com/subject/network-analysis,/subject/network-analysis,Network Analysis
https://www.classcentral.com/subject/data-preparation,/subject/data-preparation,Data Preparation
https://www.classcentral.com/subject/data-science,/subject/data-science,View all Data Science
https://www.classcentral.com/subject/mobile-development,/subject/mobile-development,Mobile Development
https://www.classcentral.com/subject/web-development,/subject/web-development,Web Development
https://www.classcentral.com/subject/databases,/subject/databases,Databases
https://www.classcentral.com/subject/game-development,/subject/game-development,Game Development
https://www.classcentral.com/subject/programming-languages,/subject/programming-languages,Programming Languages
https://www.classcentral.com/subject/software-development,/subject/software-development,Software Development
https://www.classcentral.com/subject/cloud-computing,/subject/cloud-computing,Cloud Computing
https://www.classcentral.com/subject/domain-specific-languages-dsl,/subject/domain-specific-languages-dsl,Domain-Specific Languages (DSL)
https://www.classcentral.com/subject/hdl,/subject/hdl,Hardware Description Languages (HDL)
https://www.classcentral.com/subject/aspect-oriented-programming,/subject/aspect-oriented-programming,Aspect-oriented programming
https://www.classcentral.com/subject/object-oriented-programming,/subject/object-oriented-programming,Object-oriented programming
https://www.classcentral.com/subject/visual-programming,/subject/visual-programming,Visual Programming
https://www.classcentral.com/subject/competitive-programming,/subject/competitive-programming,Competitive Programming
https://www.classcentral.com/subject/database-programming,/subject/database-programming,Database Programming
https://www.classcentral.com/subject/generic-programming,/subject/generic-programming,Generic Programming
https://www.classcentral.com/subject/programming-language-development,/subject/programming-language-development,Programming Language Development
https://www.classcentral.com/subject/leetcode,/subject/leetcode,Leetcode
https://www.classcentral.com/subject/gnu-toolchain,/subject/gnu-toolchain,GNU Toolchain
https://www.classcentral.com/subject/programming-and-software-development,/subject/programming-and-software-development,View all Programming
https://www.classcentral.com/subject/communication-skills,/subject/communication-skills,Communication Skills
https://www.classcentral.com/subject/career-development,/subject/career-development,Career Development
https://www.classcentral.com/subject/self-improvement,/subject/self-improvement,Self Improvement
https://www.classcentral.com/subject/presentation-skills,/subject/presentation-skills,Presentation Skills
https://www.classcentral.com/subject/resilience,/subject/resilience,Resilience
https://www.classcentral.com/subject/self-control,/subject/self-control,Self-Control
https://www.classcentral.com/subject/creativity,/subject/creativity,Creativity
https://www.classcentral.com/subject/gratitude,/subject/gratitude,Gratitude
https://www.classcentral.com/subject/growth-mindset,/subject/growth-mindset,Growth Mindset
https://www.classcentral.com/subject/self-assessment,/subject/self-assessment,Self-Assessment
https://www.classcentral.com/subject/survival-skills,/subject/survival-skills,Survival Skills
https://www.classcentral.com/subject/sleep-improvement,/subject/sleep-improvement,Sleep Improvement
https://www.classcentral.com/subject/career-planning,/subject/career-planning,Career Planning
https://www.classcentral.com/subject/empowerment,/subject/empowerment,Empowerment
https://www.classcentral.com/subject/generosity,/subject/generosity,Generosity
https://www.classcentral.com/subject/personal-growth,/subject/personal-growth,Personal Growth
https://www.classcentral.com/subject/courage,/subject/courage,Courage
https://www.classcentral.com/subject/humility,/subject/humility,Humility
https://www.classcentral.com/subject/social-skills,/subject/social-skills,Social Skills
https://www.classcentral.com/subject/dog-training,/subject/dog-training,Dog Training
https://www.classcentral.com/subject/personal-development,/subject/personal-development,View all Personal Development
https://www.classcentral.com/subject/cybersecurity,/subject/cybersecurity,Cybersecurity
https://www.classcentral.com/subject/network-security,/subject/network-security,Network Security
https://www.classcentral.com/subject/ethical-hacking,/subject/ethical-hacking,Ethical Hacking
https://www.classcentral.com/subject/digital-forensics,/subject/digital-forensics,Digital Forensics
https://www.classcentral.com/subject/reverse-engineering,/subject/reverse-engineering,Reverse Engineering
https://www.classcentral.com/subject/pentesting,/subject/pentesting,Penetration Testing
https://www.classcentral.com/subject/malware-analysis,/subject/malware-analysis,Malware Analysis
https://www.classcentral.com/subject/devsecops,/subject/devsecops,DevSecOps
https://www.classcentral.com/subject/osint,/subject/osint,OSINT (Open Source Intelligence)
https://www.classcentral.com/subject/threat-intelligence,/subject/threat-intelligence,Threat Intelligence
https://www.classcentral.com/subject/red-team,/subject/red-team,Red Team
https://www.classcentral.com/subject/blue-team,/subject/blue-team,Blue Team
https://www.classcentral.com/subject/infosec,/subject/infosec,View all Information Security (InfoSec)
